blog_15day_sum_days,blog_15day_sum_weibo,blog_1day_sum_weibo,blog_30day_sum_days,blog_30day_sum_weibo,blog_3day_sum_weibo,blog_60day_sum_days,blog_60day_sum_weibo,blog_7day_sum_days,blog_7day_sum_weibo,mid
1,1,1,1,1,1,1,1,1,1,1d979a10bf41e0d8651fcd266cfa152a
1,1,1,1,1,1,1,1,1,1,9c954d63fcfea19dca8d81a4f3b53861
1,1,1,1,1,1,1,1,1,1,f3b6fc37dbb714b4b9cfad07242eb38d
1,1,1,1,1,1,1,1,1,1,e321d55d8a03a652d5a1f9d1d8345073
1,1,1,1,1,1,1,1,1,1,b7e581900c78d1fcf62a171bb8d3f695
1,1,1,1,1,1,1,1,1,1,2fd200a7f670138c2026091c3b01532a
1,1,1,1,1,1,1,1,1,1,5b90ad90258aa807b9070c28c6d3b272
1,1,1,1,1,1,1,1,1,1,d87aed023098761ece0e0111dd09e081
1,1,1,1,1,1,1,1,1,1,c344f34100fc408c259849d307e9f931
1,1,1,1,1,1,1,1,1,1,93b726cf34fdbe41f790316a6ef7adb2
1,1,1,1,1,1,1,1,1,1,d43217978fec8013e25d91e4b33a46d8
1,1,1,1,1,1,1,1,1,1,b0ba629b4faa9d323fd01a7e1685d709
1,1,1,1,1,1,1,1,1,1,8434abda4f3c91ce3f734b3acb8d790d
1,1,1,1,1,1,1,1,1,1,01ef4ef87abb6d6e0b29e317a1d46133
1,1,1,1,1,1,1,1,1,1,8ce22d1f9521235bf1029f4378ef54b5
1,1,1,1,1,1,1,1,1,1,a9d655c843af89e91b7e2d8a8afe10f8
1,1,1,1,1,1,1,1,1,1,c95cf3c7207594728f4662a9441e91f9
2,2,1,2,2,1,2,2,1,1,dc51c745b7013ca0413ad37f37353037
1,1,1,1,1,1,3,3,1,1,f2cdcdbcec9ff47cbb3c6a636e4b92a3
1,1,1,1,1,1,1,1,1,1,38576e37e4b11791a3a7b2b53dc2aa70
1,1,1,1,1,1,1,1,1,1,206984e28f1281a57e44a70b86b9b346
1,1,1,1,1,1,1,1,1,1,99ec27367a4c6778f7a839ff5b532660
1,1,1,1,1,1,1,1,1,1,92e37a2ced7c53dde4b84cb58016f5cc
1,1,1,1,1,1,1,1,1,1,9e7873120dcbf35ce3b7ff701aaf28f0
1,1,1,1,1,1,1,1,1,1,baa0051d359555601ab61df684787f0f
1,1,1,1,1,1,1,1,1,1,86d6607de4ab5432f9e0da3f30682f4a
1,1,1,1,1,1,1,1,1,1,65bfa39eefede4e2c079bec732ae97ca
1,1,1,1,1,1,1,1,1,1,28889be62f9e210b57ff2f2059d0fb48
1,1,1,1,1,1,1,1,1,1,419dd71d562883ef836e774bc3f4e163
1,1,1,1,1,1,1,1,1,1,c3345fd72cad53ca9bffd63634170ba0
1,1,1,1,1,1,1,1,1,1,fa64937246644917d9a1205bffb53dc3
1,1,1,1,1,1,1,1,1,1,00b9f86b4915aedb7db943c54fd19d59
1,1,1,1,1,1,1,1,1,1,d0c69dc76ce6b4faebb45a5b44ae0db4
1,1,1,1,1,1,1,1,1,1,f359a74cb4ac6150a3af8325eda04ea0
1,1,1,1,1,1,1,1,1,1,a16f2b1581bff7d2ae03d3c520ccb422
1,1,1,1,1,1,1,1,1,1,6d10a87e850cc05010883aa7f0d36906
1,1,1,1,1,1,1,1,1,1,5fe9ccd8e82d7bfbfa9068f03a061a99
1,1,1,1,1,1,1,1,1,1,ee0b2c9d35bfeb0fbc5b3a8677f4a18c
1,1,1,1,1,1,1,1,1,1,09a81f75fa17d095134f2457895eba00
1,1,1,1,1,1,1,1,1,1,77e14cf9d460715e84c51747c3641a9b
1,1,1,1,1,1,1,1,1,1,b2db095af290b3a36cf798a3e17528d8
1,1,1,1,1,1,1,1,1,1,665642aa736d9345ba043c7065dd1083
1,1,1,1,1,1,1,1,1,1,04af58a34efcdca88d14520e85fc15b7
1,1,1,1,1,1,1,1,1,1,76d0225d5021059cf14d7f3ce17d7d6a
1,1,1,1,1,1,1,1,1,1,37c8dc1d44e861dc5a1a9317cfe8b0ce
1,1,1,1,1,1,1,1,1,1,956a1706506d3c094a7d29422042496f
1,1,1,1,1,1,1,1,1,1,c18cad2c1bc75a5736e602b68771ac10
1,1,1,1,1,1,1,1,1,1,3ce0453454577d5e456cc9f142e50baa
1,1,1,1,1,1,1,1,1,1,247ec787ef278a4089ec592d3d02da75
1,1,1,1,1,1,1,1,1,1,c63e142bdc0d9eac71c28420bf5c8ba3
1,1,1,1,1,1,1,1,1,1,10a16e80b908c3833f9e21baee4d69ee
1,1,1,1,1,1,1,1,1,1,20beda8066f134bf9cacea7a9ddd29ea
1,1,1,1,1,1,1,1,1,1,8a6d0ba389504acbabbdc8a5115bf3ea
1,1,1,1,1,1,1,1,1,1,059793de2c094db59e86977a6d771f2f
1,1,1,1,1,1,1,1,1,1,cc55cf3c808429f9909d9212d4dc24bc
1,1,1,1,1,1,1,1,1,1,1e0b7624060d3515684248f798d32f5b
1,1,1,1,1,1,1,1,1,1,872026775288ec43bdb0fdadf1288c16
1,1,1,1,1,1,1,1,1,1,fa352495e646a3f7ff979267c490fd89
1,1,1,1,1,1,1,1,1,1,69364549231c747b44bac24d075b18be
1,1,1,1,1,1,1,1,1,1,cd4b36d565e440aecb256717223dbcb3
1,1,1,1,1,1,1,1,1,1,68cd0258c31c2c525f94febea2d9523b
1,1,1,1,1,1,1,1,1,1,ce9dfeca6cccbf74ecabbdd86fd09221
1,1,1,1,1,1,1,1,1,1,9e03bce9730e22bf2c5e3ae789ad5788
1,1,1,1,1,1,1,1,1,1,3dc67a120a7a151d183995e73bd1a122
1,1,1,1,1,1,1,1,1,1,c7f6f66044c0c5a3330e2c5371be6824
1,1,1,1,1,1,1,1,1,1,c7bc3445e8b90db8cc5e045f606dc1ee
1,1,1,1,1,1,1,1,1,1,39911eea8f29d3ceb7e49ccd9d9f6c49
1,1,1,1,1,1,1,1,1,1,fd75d378230221a688180a8e75534541
1,1,1,1,1,1,1,1,1,1,2dc66e7db0b4ae97738b63763b8a14af
1,1,1,1,1,1,1,1,1,1,51fcc0beec46151c4046cbaf713edd14
1,1,1,1,1,1,1,1,1,1,3a085da8d3e3380b5e5eb8b517ad2f66
1,1,1,1,1,1,1,1,1,1,4c1e2418127811d212d0e3867a99db3e
1,1,1,1,1,1,1,1,1,1,2be979269583cb3db82887c9eebebbb3
1,1,1,1,1,1,1,1,1,1,760b2a3a87448ed90f260fd0e9e0d3e1
1,1,1,1,1,1,1,1,1,1,2cbd3d514ed5ad3dab81aa043c8b3d0a
1,1,1,1,1,1,1,1,1,1,c3c5109fb75809e76a6cf366669e1191
1,1,1,1,1,1,1,1,1,1,46f10244d02afa85d12346ce28e3cec5
1,1,1,1,1,1,1,1,1,1,b32ed7a107aff47eb39d4700c31ab1ef
1,1,1,1,1,1,1,1,1,1,858cfb614e04b500882b550d2bf462f7
1,1,1,1,1,1,1,1,1,1,a37001e133b996880cf38a8bc65a1eb9
1,1,1,1,1,1,1,1,1,1,9a2f48a870843d1964a03c6642b309d5
1,1,1,1,1,1,1,1,1,1,59f960d010ef39b7df715fc172b538f7
1,1,1,1,1,1,1,1,1,1,95590e88cac5d8c9d1a496bc3bd42f07
1,1,1,1,1,1,1,1,1,1,8b4e85a881afaff91f276eac7bfb6604
1,1,1,1,1,1,1,1,1,1,a9e1197cb01de5c7dd97cf4d4c941610
1,1,1,1,1,1,1,1,1,1,7b682dd0e0e7473d63f1483b6078de46
1,1,1,1,1,1,1,1,1,1,9540ee0cf7ccfae523020c8025e7095f
1,1,1,1,1,1,1,1,1,1,c943f2784d6c9066bd5fefecf95c8f36
1,1,1,1,1,1,1,1,1,1,cb907eb1bdbc198ed0944cc3b7e24f91
1,1,1,1,1,1,1,1,1,1,4daa5d6cbed5367e7fc6ada1dc57e6b1
1,1,1,1,1,1,1,1,1,1,bff281350f035db0e84c25394865d86a
1,1,1,1,1,1,1,1,1,1,dd87f48adf60e8469c6e9b9255fae16f
1,1,1,1,1,1,1,1,1,1,7d45833d9865727a88b960b0603c19f6
1,1,1,1,1,1,1,1,1,1,00755196c77936bf44656ada98291c59
1,1,1,1,1,1,1,1,1,1,bfc0819b83ec59ce767287077f2b3507
1,1,1,1,1,1,1,1,1,1,8a88a25f9f26ed9f79080eaacc1a8668
1,1,1,1,1,1,1,1,1,1,096543bd8746869982d1a7557164dd0d
1,1,1,1,1,1,1,1,1,1,bcb8f6f4529016b92bb4d08444c4230b
1,1,1,1,1,1,1,1,1,1,83674a60e5310195fc35d97ea8f45c46
1,1,1,1,1,1,1,1,1,1,8169f1d45051e08ef213bf1106b1225d
